[
  {
    "privetChat": [
      {
        "userName": "Md. Rofiq",
        "email": "rofiq@gmail.com",
        "time": 1588219733771,
        "status": true,
        "img": "t1.jpg",
        "active": true,
        "content": [
          {
            "content": "Jam nonumy eirmod tempor invidunt ut labore et dolore magna aliquyam erat consetetur sadipscing elitr sed diam nonumy eirmod tempor invidunt ut labore et dolore magna aliquyam erat sed diam voluptua.",
            "time": 1585539620626,
            "seen": false,
            "reaction": false,
            "email": "rofiq@gmail.com",
            "img": "t1.jpg"
          },
          {
            "content": "Jam nonumy eirmod tempor invidunt ut labore et dolore magna aliquyam erat consetetur sadipscing elitr sed diam nonumy eirmod tempor invidunt ut labore et dolore magna aliquyam erat sed diam voluptua.",
            "time": 1585545728254,
            "seen": false,
            "reaction": false,
            "email": "sovware@gmail.com",
            "img": "w.png"
          },
          {
            "content": "Jam nonumy eirmod tempor invidunt ut labore et dolore magna",
            "time": 1585545744546,
            "seen": false,
            "reaction": false,
            "email": "sovware@gmail.com",
            "img": "w.png"
          },
          {
            "content": "Jam nonumy eirmod tempor invidunt ut labore et dolore magna.",
            "time": 1585545978832,
            "seen": false,
            "reaction": false,
            "email": "rofiq@gmail.com",
            "img": "t1.jpg"
          },
          {
            "content": "Jam nonumy eirmod tempor invidunt ut labore et dolore magna",
            "time": 1585545744547,
            "seen": false,
            "reaction": false,
            "email": "sovware@gmail.com",
            "img": "w.png"
          }
        ]
      },
      {
        "userName": "Roshid Khan",
        "email": "rosid@gmail.com",
        "time": 1588219733771,
        "status": true,
        "img": "t2.jpg",
        "active": false,
        "content": [
          {
            "content": "Jam nonumy eirmod tempor invidunt ut labore et dolore magna aliquyam erat consetetur sadipscing elitr sed diam nonumy eirmod tempor invidunt ut labore et dolore magna aliquyam erat sed diam voluptua.",
            "time": 1585539620626,
            "seen": false,
            "reaction": false,
            "email": "rosid@gmail.com",
            "img": "t2.jpg"
          },
          {
            "content": "Jam nonumy eirmod tempor invidunt ut labore et dolore magna aliquyam erat consetetur sadipscing elitr sed diam nonumy eirmod tempor invidunt ut labore et dolore magna aliquyam erat sed diam voluptua.",
            "time": 1585545728254,
            "seen": false,
            "reaction": false,
            "email": "sovware@gmail.com",
            "img": "w.png"
          },
          {
            "content": "Jam nonumy eirmod tempor invidunt ut labore et dolore magna",
            "time": 1585545744548,
            "seen": false,
            "reaction": false,
            "email": "sovware@gmail.com",
            "img": "w.png"
          },
          {
            "content": "Jam nonumy eirmod tempor invidunt ut labore et dolore magna.",
            "time": 1585545978832,
            "seen": false,
            "reaction": false,
            "email": "rosid@gmail.com",
            "img": "t2.jpg"
          },
          {
            "content": "Jam nonumy eirmod tempor invidunt ut labore et dolore magna",
            "time": 1585545744549,
            "seen": false,
            "reaction": false,
            "email": "sovware@gmail.com",
            "img": "w.png"
          }
        ]
      },
      {
        "userName": "Domnic Harys",
        "email": "domic@gmail.com",
        "time": 1588219733771,
        "status": true,
        "img": "t3.jpg",
        "active": true,
        "content": [
          {
            "content": "Jam nonumy eirmod tempor invidunt ut labore et dolore magna aliquyam erat consetetur sadipscing elitr sed diam nonumy eirmod tempor invidunt ut labore et dolore magna aliquyam erat sed diam voluptua.",
            "time": 1585539620626,
            "seen": false,
            "reaction": false,
            "email": "domic@gmail.com",
            "img": "t3.jpg"
          },
          {
            "content": "Jam nonumy eirmod tempor invidunt ut labore et dolore magna aliquyam erat consetetur sadipscing elitr sed diam nonumy eirmod tempor invidunt ut labore et dolore magna aliquyam erat sed diam voluptua.",
            "time": 1585545728254,
            "seen": false,
            "reaction": false,
            "email": "sovware@gmail.com",
            "img": "w.png"
          },
          {
            "content": "Jam nonumy eirmod tempor invidunt ut labore et dolore magna",
            "time": 1585545744550,
            "seen": false,
            "reaction": false,
            "email": "sovware@gmail.com",
            "img": "w.png"
          },
          {
            "content": "Jam nonumy eirmod tempor invidunt ut labore et dolore magna.",
            "time": 1585545978832,
            "seen": false,
            "reaction": false,
            "email": "domic@gmail.com",
            "img": "t3.jpg"
          },
          {
            "content": "Jam nonumy eirmod tempor invidunt ut labore et dolore magna",
            "time": 1585545744551,
            "seen": false,
            "reaction": false,
            "email": "sovware@gmail.com",
            "img": "w.png"
          }
        ]
      },
      {
        "userName": "Shreyu Neu",
        "email": "shreyu@gmail.com",
        "time": 1588219733771,
        "status": true,
        "img": "t4.jpg",
        "active": true,
        "content": [
          {
            "content": "Jam nonumy eirmod tempor invidunt ut labore et dolore magna aliquyam erat consetetur sadipscing elitr sed diam nonumy eirmod tempor invidunt ut labore et dolore magna aliquyam erat sed diam voluptua.",
            "time": 1585539620626,
            "seen": false,
            "reaction": false,
            "email": "shreyu@gmail.com",
            "img": "t4.jpg"
          },
          {
            "content": "Jam nonumy eirmod tempor invidunt ut labore et dolore magna aliquyam erat consetetur sadipscing elitr sed diam nonumy eirmod tempor invidunt ut labore et dolore magna aliquyam erat sed diam voluptua.",
            "time": 1585545728254,
            "seen": false,
            "reaction": false,
            "email": "sovware@gmail.com",
            "img": "w.png"
          },
          {
            "content": "Jam nonumy eirmod tempor invidunt ut labore et dolore magna",
            "time": 1585545744552,
            "seen": false,
            "reaction": false,
            "email": "sovware@gmail.com",
            "img": "w.png"
          },
          {
            "content": "Jam nonumy eirmod tempor invidunt ut labore et dolore magna.",
            "time": 1585545978832,
            "seen": false,
            "reaction": false,
            "email": "shreyu@gmail.com",
            "img": "t4.jpg"
          },
          {
            "content": "Jam nonumy eirmod tempor invidunt ut labore et dolore magna",
            "time": 1585545744553,
            "seen": false,
            "reaction": false,
            "email": "sovware@gmail.com",
            "img": "w.png"
          }
        ]
      },
      {
        "userName": "Khalid Hasan",
        "email": "khalid@gmail.com",
        "time": 1588219733771,
        "status": true,
        "img": "t5.png",
        "active": false,
        "content": [
          {
            "content": "Jam nonumy eirmod tempor invidunt ut labore et dolore magna aliquyam erat consetetur sadipscing elitr sed diam nonumy eirmod tempor invidunt ut labore et dolore magna aliquyam erat sed diam voluptua.",
            "time": 1585539620626,
            "seen": false,
            "reaction": false,
            "email": "khalid@gmail.com",
            "img": "t5.png"
          },
          {
            "content": "Jam nonumy eirmod tempor invidunt ut labore et dolore magna aliquyam erat consetetur sadipscing elitr sed diam nonumy eirmod tempor invidunt ut labore et dolore magna aliquyam erat sed diam voluptua.",
            "time": 1585545728254,
            "seen": false,
            "reaction": false,
            "email": "sovware@gmail.com",
            "img": "w.png"
          },
          {
            "content": "Jam nonumy eirmod tempor invidunt ut labore et dolore magna",
            "time": 1585545744554,
            "seen": false,
            "reaction": false,
            "email": "sovware@gmail.com",
            "img": "w.png"
          },
          {
            "content": "Jam nonumy eirmod tempor invidunt ut labore et dolore magna.",
            "time": 1585545978832,
            "seen": false,
            "reaction": false,
            "email": "khalid@gmail.com",
            "img": "t5.png"
          },
          {
            "content": "Jam nonumy eirmod tempor invidunt ut labore et dolore magna",
            "time": 1585545744555,
            "seen": false,
            "reaction": false,
            "email": "sovware@gmail.com",
            "img": "w.png"
          }
        ]
      },
      {
        "userName": "Tuhin Molla",
        "email": "tuhin@gmail.com",
        "time": 1588219733771,
        "status": true,
        "img": "t6.png",
        "active": false,
        "content": [
          {
            "content": "Jam nonumy eirmod tempor invidunt ut labore et dolore magna aliquyam erat consetetur sadipscing elitr sed diam nonumy eirmod tempor invidunt ut labore et dolore magna aliquyam erat sed diam voluptua.",
            "time": 1585539620626,
            "seen": false,
            "reaction": false,
            "email": "tuhin@gmail.com",
            "img": "t6.png"
          },
          {
            "content": "Jam nonumy eirmod tempor invidunt ut labore et dolore magna aliquyam erat consetetur sadipscing elitr sed diam nonumy eirmod tempor invidunt ut labore et dolore magna aliquyam erat sed diam voluptua.",
            "time": 1585545728254,
            "seen": false,
            "reaction": false,
            "email": "sovware@gmail.com",
            "img": "w.png"
          },
          {
            "content": "Jam nonumy eirmod tempor invidunt ut labore et dolore magna",
            "time": 1585545744554,
            "seen": false,
            "reaction": false,
            "email": "sovware@gmail.com",
            "img": "w.png"
          },
          {
            "content": "Jam nonumy eirmod tempor invidunt ut labore et dolore magna.",
            "time": 1585545978832,
            "seen": false,
            "reaction": false,
            "email": "tuhin@gmail.com",
            "img": "t6.png"
          },
          {
            "content": "Jam nonumy eirmod tempor invidunt ut labore et dolore magna",
            "time": 1585545744455,
            "seen": false,
            "reaction": false,
            "email": "sovware@gmail.com",
            "img": "w.png"
          }
        ]
      },
      {
        "userName": "Salaman Hossain",
        "email": "salman@gmail.com",
        "time": 1588219733771,
        "status": true,
        "img": "t7.png",
        "active": false,
        "content": [
          {
            "content": "Jam nonumy eirmod tempor invidunt ut labore et dolore magna aliquyam erat consetetur sadipscing elitr sed diam nonumy eirmod tempor invidunt ut labore et dolore magna aliquyam erat sed diam voluptua.",
            "time": 1585539620626,
            "seen": false,
            "reaction": false,
            "email": "salman@gmail.com",
            "img": "t7.png"
          },
          {
            "content": "Jam nonumy eirmod tempor invidunt ut labore et dolore magna aliquyam erat consetetur sadipscing elitr sed diam nonumy eirmod tempor invidunt ut labore et dolore magna aliquyam erat sed diam voluptua.",
            "time": 1585545728254,
            "seen": false,
            "reaction": false,
            "email": "sovware@gmail.com",
            "img": "w.png"
          },
          {
            "content": "Jam nonumy eirmod tempor invidunt ut labore et dolore magna",
            "time": 1585545744554,
            "seen": false,
            "reaction": false,
            "email": "sovware@gmail.com",
            "img": "w.png"
          },
          {
            "content": "Jam nonumy eirmod tempor invidunt ut labore et dolore magna.",
            "time": 1585545978832,
            "seen": false,
            "reaction": false,
            "email": "salman@gmail.com",
            "img": "t7.png"
          },
          {
            "content": "Jam nonumy eirmod tempor invidunt ut labore et dolore magna",
            "time": 1585545744355,
            "seen": false,
            "reaction": false,
            "email": "sovware@gmail.com",
            "img": "w.png"
          }
        ]
      },
      {
        "userName": "Billal Hossain",
        "email": "khalid@gmail.com",
        "time": 1588219733771,
        "status": true,
        "img": "t8.png",
        "active": false,
        "content": [
          {
            "content": "Jam nonumy eirmod tempor invidunt ut labore et dolore magna aliquyam erat consetetur sadipscing elitr sed diam nonumy eirmod tempor invidunt ut labore et dolore magna aliquyam erat sed diam voluptua.",
            "time": 1585539620626,
            "seen": false,
            "reaction": false,
            "email": "khalid@gmail.com",
            "img": "t8.png"
          },
          {
            "content": "Jam nonumy eirmod tempor invidunt ut labore et dolore magna aliquyam erat consetetur sadipscing elitr sed diam nonumy eirmod tempor invidunt ut labore et dolore magna aliquyam erat sed diam voluptua.",
            "time": 1585545728254,
            "seen": false,
            "reaction": false,
            "email": "sovware@gmail.com",
            "img": "w.png"
          },
          {
            "content": "Jam nonumy eirmod tempor invidunt ut labore et dolore magna",
            "time": 1585545744554,
            "seen": false,
            "reaction": false,
            "email": "sovware@gmail.com",
            "img": "w.png"
          },
          {
            "content": "Jam nonumy eirmod tempor invidunt ut labore et dolore magna.",
            "time": 1585545978832,
            "seen": false,
            "reaction": false,
            "email": "khalid@gmail.com",
            "img": "t8.png"
          },
          {
            "content": "Jam nonumy eirmod tempor invidunt ut labore et dolore magna",
            "time": 1585545744255,
            "seen": false,
            "reaction": false,
            "email": "sovware@gmail.com",
            "img": "w.png"
          }
        ]
      },
      {
        "userName": "Akbar Hossain",
        "email": "akbar@gmail.com",
        "time": 1588219733771,
        "status": true,
        "img": "t9.png",
        "active": false,
        "content": [
          {
            "content": "Jam nonumy eirmod tempor invidunt ut labore et dolore magna aliquyam erat consetetur sadipscing elitr sed diam nonumy eirmod tempor invidunt ut labore et dolore magna aliquyam erat sed diam voluptua.",
            "time": 1585539620626,
            "seen": false,
            "reaction": false,
            "email": "akbar@gmail.com",
            "img": "t9.png"
          },
          {
            "content": "Jam nonumy eirmod tempor invidunt ut labore et dolore magna aliquyam erat consetetur sadipscing elitr sed diam nonumy eirmod tempor invidunt ut labore et dolore magna aliquyam erat sed diam voluptua.",
            "time": 1585545728254,
            "seen": false,
            "reaction": false,
            "email": "sovware@gmail.com",
            "img": "w.png"
          },
          {
            "content": "Jam nonumy eirmod tempor invidunt ut labore et dolore magna",
            "time": 1585545744554,
            "seen": false,
            "reaction": false,
            "email": "sovware@gmail.com",
            "img": "w.png"
          },
          {
            "content": "Jam nonumy eirmod tempor invidunt ut labore et dolore magna.",
            "time": 1585545978832,
            "seen": false,
            "reaction": false,
            "email": "akbar@gmail.com",
            "img": "t9.png"
          },
          {
            "content": "Jam nonumy eirmod tempor invidunt ut labore et dolore magna",
            "time": 1585545744425,
            "seen": false,
            "reaction": false,
            "email": "sovware@gmail.com",
            "img": "w.png"
          }
        ]
      },
      {
        "userName": "Kabil Hossain",
        "email": "kabil@gmail.com",
        "time": 1588219733771,
        "status": true,
        "img": "t10.png",
        "active": false,
        "content": [
          {
            "content": "Jam nonumy eirmod tempor invidunt ut labore et dolore magna aliquyam erat consetetur sadipscing elitr sed diam nonumy eirmod tempor invidunt ut labore et dolore magna aliquyam erat sed diam voluptua.",
            "time": 1585539620626,
            "seen": false,
            "reaction": false,
            "email": "kabil@gmail.com",
            "img": "t10.png"
          },
          {
            "content": "Jam nonumy eirmod tempor invidunt ut labore et dolore magna aliquyam erat consetetur sadipscing elitr sed diam nonumy eirmod tempor invidunt ut labore et dolore magna aliquyam erat sed diam voluptua.",
            "time": 1585545728254,
            "seen": false,
            "reaction": false,
            "email": "sovware@gmail.com",
            "img": "w.png"
          },
          {
            "content": "Jam nonumy eirmod tempor invidunt ut labore et dolore magna",
            "time": 1585545744554,
            "seen": false,
            "reaction": false,
            "email": "sovware@gmail.com",
            "img": "w.png"
          },
          {
            "content": "Jam nonumy eirmod tempor invidunt ut labore et dolore magna.",
            "time": 1585545978832,
            "seen": false,
            "reaction": false,
            "email": "kabil@gmail.com",
            "img": "t10.png"
          },
          {
            "content": "Jam nonumy eirmod tempor invidunt ut labore et dolore magna",
            "time": 1585545744535,
            "seen": false,
            "reaction": false,
            "email": "sovware@gmail.com",
            "img": "w.png"
          }
        ]
      },
      {
        "userName": "Jalal Hossain",
        "email": "jalal@gmail.com",
        "time": 1588219733771,
        "status": true,
        "img": "t12.png",
        "active": false,
        "content": [
          {
            "content": "Jam nonumy eirmod tempor invidunt ut labore et dolore magna aliquyam erat consetetur sadipscing elitr sed diam nonumy eirmod tempor invidunt ut labore et dolore magna aliquyam erat sed diam voluptua.",
            "time": 1585539620626,
            "seen": false,
            "reaction": false,
            "email": "jalal@gmail.com",
            "img": "t12.png"
          },
          {
            "content": "Jam nonumy eirmod tempor invidunt ut labore et dolore magna aliquyam erat consetetur sadipscing elitr sed diam nonumy eirmod tempor invidunt ut labore et dolore magna aliquyam erat sed diam voluptua.",
            "time": 1585545728254,
            "seen": false,
            "reaction": false,
            "email": "sovware@gmail.com",
            "img": "w.png"
          },
          {
            "content": "Jam nonumy eirmod tempor invidunt ut labore et dolore magna",
            "time": 1585545744554,
            "seen": false,
            "reaction": false,
            "email": "sovware@gmail.com",
            "img": "w.png"
          },
          {
            "content": "Jam nonumy eirmod tempor invidunt ut labore et dolore magna.",
            "time": 1585545978832,
            "seen": false,
            "reaction": false,
            "email": "jalal@gmail.com",
            "img": "t12.png"
          },
          {
            "content": "Jam nonumy eirmod tempor invidunt ut labore et dolore magna",
            "time": 1585545744513,
            "seen": false,
            "reaction": false,
            "email": "sovware@gmail.com",
            "img": "w.png"
          }
        ]
      }
    ],
    "groupChat": [
      {
        "groupName": "Marketing",
        "id": "1",
        "time": 1588219733771,
        "status": true,
        "img": "g1.png",
        "content": [
          {
            "content": "Jam nonumy eirmod tempor invidunt ut labore et dolore magna aliquyam erat consetetur sadipscing elitr sed diam nonumy eirmod tempor invidunt ut labore et dolore magna aliquyam erat sed diam voluptua.",
            "time": 1585539620626,
            "seen": false,
            "reaction": false,
            "email": "rofiq@gmail.com",
            "userName": "Md. Rofiq"
          },
          {
            "content": "Jam nonumy eirmod tempor invidunt ut labore et dolore magna aliquyam erat consetetur sadipscing elitr sed diam nonumy eirmod tempor invidunt ut labore et dolore magna aliquyam erat sed diam voluptua.",
            "time": 1585545728254,
            "seen": false,
            "reaction": false,
            "email": "sovware@gmail.com",
            "userName": "Ibrahim Riaz"
          },
          {
            "content": "Jam nonumy eirmod tempor invidunt ut labore et dolore magna",
            "time": 1585545744556,
            "seen": false,
            "reaction": false,
            "email": "rosid@gmail.com",
            "userName": "Roshid Khan"
          },
          {
            "content": "Jam nonumy eirmod tempor invidunt ut labore et dolore magna.",
            "time": 1585545978832,
            "seen": false,
            "reaction": false,
            "email": "rofiq@gmail.com",
            "userName": "Md. Rofiq"
          },
          {
            "content": "Jam nonumy eirmod tempor invidunt ut labore et dolore magna aliquyam erat consetetur sadipscing elitr sed diam nonumy eirmod tempor invidunt ut labore et dolore magna aliquyam erat sed diam voluptua.",
            "time": 1585545728254,
            "seen": false,
            "reaction": false,
            "email": "sovware@gmail.com",
            "userName": "Ibrahim Riaz"
          }
        ]
      },
      {
        "groupName": "Web Development",
        "id": "2",
        "time": 1588219733771,
        "status": true,
        "img": "g2.png",
        "content": [
          {
            "content": "Jam nonumy eirmod tempor invidunt ut labore et dolore magna aliquyam erat consetetur sadipscing elitr sed diam nonumy eirmod tempor invidunt ut labore et dolore magna aliquyam erat sed diam voluptua.",
            "time": 1585539620626,
            "seen": false,
            "reaction": false,
            "email": "rofiq@gmail.com",
            "userName": "Md. Rofiq"
          },
          {
            "content": "Jam nonumy eirmod tempor invidunt ut labore et dolore magna aliquyam erat consetetur sadipscing elitr sed diam nonumy eirmod tempor invidunt ut labore et dolore magna aliquyam erat sed diam voluptua.",
            "time": 1585545728254,
            "seen": false,
            "reaction": false,
            "email": "sovware@gmail.com",
            "userName": "Ibrahim Riaz"
          },
          {
            "content": "Jam nonumy eirmod tempor invidunt ut labore et dolore magna",
            "time": 1585545744558,
            "seen": false,
            "reaction": false,
            "email": "rosid@gmail.com",
            "userName": "Roshid Khan"
          },
          {
            "content": "Jam nonumy eirmod tempor invidunt ut labore et dolore magna.",
            "time": 1585545978832,
            "seen": false,
            "reaction": false,
            "email": "rofiq@gmail.com",
            "userName": "Md. Rofiq"
          },
          {
            "content": "Jam nonumy eirmod tempor invidunt ut labore et dolore magna",
            "time": 1585545744559,
            "seen": false,
            "reaction": false,
            "email": "sovware@gmail.com",
            "userName": "Ibrahim Riaz"
          }
        ]
      },
      {
        "groupName": "UI/UX Group",
        "id": "3",
        "time": 1588219733771,
        "status": true,
        "img": "g3.png",
        "content": [
          {
            "content": "Jam nonumy eirmod tempor invidunt ut labore et dolore magna aliquyam erat consetetur sadipscing elitr sed diam nonumy eirmod tempor invidunt ut labore et dolore magna aliquyam erat sed diam voluptua.",
            "time": 1585539620626,
            "seen": false,
            "reaction": false,
            "email": "rofiq@gmail.com",
            "userName": "Md. Rofiq"
          },
          {
            "content": "Jam nonumy eirmod tempor invidunt ut labore et dolore magna aliquyam erat consetetur sadipscing elitr sed diam nonumy eirmod tempor invidunt ut labore et dolore magna aliquyam erat sed diam voluptua.",
            "time": 1585545728254,
            "seen": false,
            "reaction": false,
            "email": "sovware@gmail.com",
            "userName": "Ibrahim Riaz"
          },
          {
            "content": "Jam nonumy eirmod tempor invidunt ut labore et dolore magna",
            "time": 1585545744560,
            "seen": false,
            "reaction": false,
            "email": "rosid@gmail.com",
            "userName": "Roshid Khan"
          },
          {
            "content": "Jam nonumy eirmod tempor invidunt ut labore et dolore magna.",
            "time": 1585545978832,
            "seen": false,
            "reaction": false,
            "email": "rofiq@gmail.com",
            "userName": "Md. Rofiq"
          },
          {
            "content": "Jam nonumy eirmod tempor invidunt ut labore et dolore magna",
            "time": 1585545744561,
            "seen": false,
            "reaction": false,
            "email": "sovware@gmail.com",
            "userName": "Ibrahim Riaz"
          }
        ]
      },
      {
        "groupName": "Software",
        "id": "4",
        "time": 1588219733771,
        "status": true,
        "img": "t1.jpg",
        "content": [
          {
            "content": "Jam nonumy eirmod tempor invidunt ut labore et dolore magna aliquyam erat consetetur sadipscing elitr sed diam nonumy eirmod tempor invidunt ut labore et dolore magna aliquyam erat sed diam voluptua.",
            "time": 1585539620626,
            "seen": false,
            "reaction": false,
            "email": "rofiq@gmail.com",
            "userName": "Md. Rofiq"
          },
          {
            "content": "Jam nonumy eirmod tempor invidunt ut labore et dolore magna aliquyam erat consetetur sadipscing elitr sed diam nonumy eirmod tempor invidunt ut labore et dolore magna aliquyam erat sed diam voluptua.",
            "time": 1585545728254,
            "seen": false,
            "reaction": false,
            "email": "sovware@gmail.com",
            "userName": "Ibrahim Riaz"
          },
          {
            "content": "Jam nonumy eirmod tempor invidunt ut labore et dolore magna",
            "time": 1585545744562,
            "seen": false,
            "reaction": false,
            "email": "rosid@gmail.com",
            "userName": "Roshid Khan"
          },
          {
            "content": "Jam nonumy eirmod tempor invidunt ut labore et dolore magna.",
            "time": 1585545978832,
            "seen": false,
            "reaction": false,
            "email": "rofiq@gmail.com",
            "userName": "Md. Rofiq"
          },
          {
            "content": "Jam nonumy eirmod tempor invidunt ut labore et dolore magna",
            "time": 1585545744563,
            "seen": false,
            "reaction": false,
            "email": "sovware@gmail.com",
            "userName": "Ibrahim Riaz"
          }
        ]
      },
      {
        "groupName": "Khalid Hasan",
        "id": "5",
        "time": 1588219733771,
        "status": true,
        "img": "t2.jpg",
        "content": [
          {
            "content": "Jam nonumy eirmod tempor invidunt ut labore et dolore magna aliquyam erat consetetur sadipscing elitr sed diam nonumy eirmod tempor invidunt ut labore et dolore magna aliquyam erat sed diam voluptua.",
            "time": 1585539620626,
            "seen": false,
            "reaction": false,
            "email": "rofiq@gmail.com",
            "userName": "Md. Rofiq"
          },
          {
            "content": "Jam nonumy eirmod tempor invidunt ut labore et dolore magna aliquyam erat consetetur sadipscing elitr sed diam nonumy eirmod tempor invidunt ut labore et dolore magna aliquyam erat sed diam voluptua.",
            "time": 1585545728254,
            "seen": false,
            "reaction": false,
            "email": "sovware@gmail.com",
            "userName": "Ibrahim Riaz"
          },
          {
            "content": "Jam nonumy eirmod tempor invidunt ut labore et dolore magna",
            "time": 1585545744564,
            "seen": false,
            "reaction": false,
            "email": "rosid@gmail.com",
            "userName": "Roshid Khan"
          },
          {
            "content": "Jam nonumy eirmod tempor invidunt ut labore et dolore magna.",
            "time": 1585545978832,
            "seen": false,
            "reaction": false,
            "email": "rofiq@gmail.com",
            "userName": "Md. Rofiq"
          },
          {
            "content": "Jam nonumy eirmod tempor invidunt ut labore et dolore magna",
            "time": 1585545744545,
            "seen": false,
            "reaction": false,
            "email": "sovware@gmail.com",
            "userName": "Ibrahim Riaz"
          }
        ]
      },
      {
        "groupName": "Khalid Hasan",
        "id": "6",
        "time": 1588219733771,
        "status": true,
        "img": "t3.jpg",
        "content": [
          {
            "content": "Jam nonumy eirmod tempor invidunt ut labore et dolore magna aliquyam erat consetetur sadipscing elitr sed diam nonumy eirmod tempor invidunt ut labore et dolore magna aliquyam erat sed diam voluptua.",
            "time": 1585539620626,
            "seen": false,
            "reaction": false,
            "email": "rofiq@gmail.com",
            "userName": "Md. Rofiq"
          },
          {
            "content": "Jam nonumy eirmod tempor invidunt ut labore et dolore magna aliquyam erat consetetur sadipscing elitr sed diam nonumy eirmod tempor invidunt ut labore et dolore magna aliquyam erat sed diam voluptua.",
            "time": 1585545728254,
            "seen": false,
            "reaction": false,
            "email": "sovware@gmail.com",
            "userName": "Ibrahim Riaz"
          },
          {
            "content": "Jam nonumy eirmod tempor invidunt ut labore et dolore magna",
            "time": 1585545744564,
            "seen": false,
            "reaction": false,
            "email": "rosid@gmail.com",
            "userName": "Roshid Khan"
          },
          {
            "content": "Jam nonumy eirmod tempor invidunt ut labore et dolore magna.",
            "time": 1585545978832,
            "seen": false,
            "reaction": false,
            "email": "rofiq@gmail.com",
            "userName": "Md. Rofiq"
          },
          {
            "content": "Jam nonumy eirmod tempor invidunt ut labore et dolore magna",
            "time": 1585545744545,
            "seen": false,
            "reaction": false,
            "email": "sovware@gmail.com",
            "userName": "Ibrahim Riaz"
          }
        ]
      },
      {
        "groupName": "Khalid Hasan",
        "id": "7",
        "time": 1588219733771,
        "status": true,
        "img": "t4.jpg",
        "content": [
          {
            "content": "Jam nonumy eirmod tempor invidunt ut labore et dolore magna aliquyam erat consetetur sadipscing elitr sed diam nonumy eirmod tempor invidunt ut labore et dolore magna aliquyam erat sed diam voluptua.",
            "time": 1585539620626,
            "seen": false,
            "reaction": false,
            "email": "rofiq@gmail.com",
            "userName": "Md. Rofiq"
          },
          {
            "content": "Jam nonumy eirmod tempor invidunt ut labore et dolore magna aliquyam erat consetetur sadipscing elitr sed diam nonumy eirmod tempor invidunt ut labore et dolore magna aliquyam erat sed diam voluptua.",
            "time": 1585545728254,
            "seen": false,
            "reaction": false,
            "email": "sovware@gmail.com",
            "userName": "Ibrahim Riaz"
          },
          {
            "content": "Jam nonumy eirmod tempor invidunt ut labore et dolore magna",
            "time": 1585545744564,
            "seen": false,
            "reaction": false,
            "email": "rosid@gmail.com",
            "userName": "Roshid Khan"
          },
          {
            "content": "Jam nonumy eirmod tempor invidunt ut labore et dolore magna.",
            "time": 1585545978832,
            "seen": false,
            "reaction": false,
            "email": "rofiq@gmail.com",
            "userName": "Md. Rofiq"
          },
          {
            "content": "Jam nonumy eirmod tempor invidunt ut labore et dolore magna",
            "time": 1585545744545,
            "seen": false,
            "reaction": false,
            "email": "sovware@gmail.com",
            "userName": "Ibrahim Riaz"
          }
        ]
      },
      {
        "groupName": "Khalid Hasan",
        "id": "8",
        "time": 1588219733771,
        "status": true,
        "img": "t5.png",
        "content": [
          {
            "content": "Jam nonumy eirmod tempor invidunt ut labore et dolore magna aliquyam erat consetetur sadipscing elitr sed diam nonumy eirmod tempor invidunt ut labore et dolore magna aliquyam erat sed diam voluptua.",
            "time": 1585539620626,
            "seen": false,
            "reaction": false,
            "email": "rofiq@gmail.com",
            "userName": "Md. Rofiq"
          },
          {
            "content": "Jam nonumy eirmod tempor invidunt ut labore et dolore magna aliquyam erat consetetur sadipscing elitr sed diam nonumy eirmod tempor invidunt ut labore et dolore magna aliquyam erat sed diam voluptua.",
            "time": 1585545728254,
            "seen": false,
            "reaction": false,
            "email": "sovware@gmail.com",
            "userName": "Ibrahim Riaz"
          },
          {
            "content": "Jam nonumy eirmod tempor invidunt ut labore et dolore magna",
            "time": 1585545744564,
            "seen": false,
            "reaction": false,
            "email": "rosid@gmail.com",
            "userName": "Roshid Khan"
          },
          {
            "content": "Jam nonumy eirmod tempor invidunt ut labore et dolore magna.",
            "time": 1585545978832,
            "seen": false,
            "reaction": false,
            "email": "rofiq@gmail.com",
            "userName": "Md. Rofiq"
          },
          {
            "content": "Jam nonumy eirmod tempor invidunt ut labore et dolore magna",
            "time": 1585545744545,
            "seen": false,
            "reaction": false,
            "email": "sovware@gmail.com",
            "userName": "Ibrahim Riaz"
          }
        ]
      },
      {
        "groupName": "Khalid Hasan",
        "id": "9",
        "time": 1588219733771,
        "status": true,
        "img": "t6.png",
        "content": [
          {
            "content": "Jam nonumy eirmod tempor invidunt ut labore et dolore magna aliquyam erat consetetur sadipscing elitr sed diam nonumy eirmod tempor invidunt ut labore et dolore magna aliquyam erat sed diam voluptua.",
            "time": 1585539620626,
            "seen": false,
            "reaction": false,
            "email": "rofiq@gmail.com",
            "userName": "Md. Rofiq"
          },
          {
            "content": "Jam nonumy eirmod tempor invidunt ut labore et dolore magna aliquyam erat consetetur sadipscing elitr sed diam nonumy eirmod tempor invidunt ut labore et dolore magna aliquyam erat sed diam voluptua.",
            "time": 1585545728254,
            "seen": false,
            "reaction": false,
            "email": "sovware@gmail.com",
            "userName": "Ibrahim Riaz"
          },
          {
            "content": "Jam nonumy eirmod tempor invidunt ut labore et dolore magna",
            "time": 1585545744564,
            "seen": false,
            "reaction": false,
            "email": "rosid@gmail.com",
            "userName": "Roshid Khan"
          },
          {
            "content": "Jam nonumy eirmod tempor invidunt ut labore et dolore magna.",
            "time": 1585545978832,
            "seen": false,
            "reaction": false,
            "email": "rofiq@gmail.com",
            "userName": "Md. Rofiq"
          },
          {
            "content": "Jam nonumy eirmod tempor invidunt ut labore et dolore magna",
            "time": 1585545744545,
            "seen": false,
            "reaction": false,
            "email": "sovware@gmail.com",
            "userName": "Ibrahim Riaz"
          }
        ]
      },
      {
        "groupName": "Khalid Hasan",
        "id": "10",
        "time": 1588219733771,
        "status": true,
        "img": "t7.png",
        "content": [
          {
            "content": "Jam nonumy eirmod tempor invidunt ut labore et dolore magna aliquyam erat consetetur sadipscing elitr sed diam nonumy eirmod tempor invidunt ut labore et dolore magna aliquyam erat sed diam voluptua.",
            "time": 1585539620626,
            "seen": false,
            "reaction": false,
            "email": "rofiq@gmail.com",
            "userName": "Md. Rofiq"
          },
          {
            "content": "Jam nonumy eirmod tempor invidunt ut labore et dolore magna aliquyam erat consetetur sadipscing elitr sed diam nonumy eirmod tempor invidunt ut labore et dolore magna aliquyam erat sed diam voluptua.",
            "time": 1585545728254,
            "seen": false,
            "reaction": false,
            "email": "sovware@gmail.com",
            "userName": "Ibrahim Riaz"
          },
          {
            "content": "Jam nonumy eirmod tempor invidunt ut labore et dolore magna",
            "time": 1585545744564,
            "seen": false,
            "reaction": false,
            "email": "rosid@gmail.com",
            "userName": "Roshid Khan"
          },
          {
            "content": "Jam nonumy eirmod tempor invidunt ut labore et dolore magna.",
            "time": 1585545978832,
            "seen": false,
            "reaction": false,
            "email": "rofiq@gmail.com",
            "userName": "Md. Rofiq"
          },
          {
            "content": "Jam nonumy eirmod tempor invidunt ut labore et dolore magna",
            "time": 1585545744545,
            "seen": false,
            "reaction": false,
            "email": "sovware@gmail.com",
            "userName": "Ibrahim Riaz"
          }
        ]
      }
    ]
  }
]
