{
  "allMessage": [
    {
      "userName": "Hasan Mahmud",
      "email": "hasan@gmail.com",
      "status": "unread",
      "type": "inbox",
      "stared": false,
      "from": "name@example.com",
      "to": "me",
      "img": "img/sellers/1.png",
      "id": 1585118055048,
      "subject": "Email subject lorem ipsum",
      "attach": [],
      "body": "Lorem Ipsum is simply dummy text of the printing and typesetting industry. Lorem Ipsum has been the industry's standard dummy text ever since the 1500s, when an unknown printer took a galley of type and scrambled it to make a type specimen book. It has survived not only five centuries, but also the leap into electronic typesetting, remaining essentially unchanged. It was popularised in the 1960s with the release of Letraset sheets containing Lorem Ipsum passages, and more recently with desktop publishing software like Aldus PageMaker including versions of Lorem Ipsum."
    },
    {
      "userName": "Mohammad Delower Hossain",
      "email": "deloar@gmail.com",
      "status": "read",
      "type": "sent",
      "from": "me",
      "to": "name@example.com",
      "stared": false,
      "img": "img/sellers/2.png",
      "id": 1585118175550,
      "subject": "Email subject lorem ipsum",
      "attach": [],
      "body": "Lorem Ipsum is simply dummy text of the printing and typesetting industry. Lorem Ipsum has been the industry's standard dummy text ever since the 1500s, when an unknown printer took a galley of type and scrambled it to make a type specimen book. It has survived not only five centuries, but also the leap into electronic typesetting, remaining essentially unchanged. It was popularised in the 1960s with the release of Letraset sheets containing Lorem Ipsum passages, and more recently with desktop publishing software like Aldus PageMaker including versions of Lorem Ipsum."
    },
    {
      "userName": "Mohammad Atik",
      "email": "atik@gmail.com",
      "status": "read",
      "type": "inbox",
      "from": "name@example.com",
      "to": "me",
      "stared": true,
      "img": "img/sellers/3.png",
      "id": 1585118261699,
      "subject": "Email subject lorem ipsum",
      "attach": [],
      "body": "Lorem Ipsum is simply dummy text of the printing and typesetting industry. Lorem Ipsum has been the industry's standard dummy text ever since the 1500s, when an unknown printer took a galley of type and scrambled it to make a type specimen book. It has survived not only five centuries, but also the leap into electronic typesetting, remaining essentially unchanged. It was popularised in the 1960s with the release of Letraset sheets containing Lorem Ipsum passages, and more recently with desktop publishing software like Aldus PageMaker including versions of Lorem Ipsum."
    },
    {
      "userName": "Alice Freeman",
      "email": "azim@gmail.com",
      "status": "read",
      "type": "inbox",
      "from": "name@example.com",
      "to": "me",
      "stared": false,
      "img": "img/sellers/4.png",
      "id": 1585118306947,
      "subject": "Email subject lorem ipsum",
      "attach": ["1.png", "2.png"],
      "body": "Lorem Ipsum is simply dummy text of the printing and typesetting industry. Lorem Ipsum has been the industry's standard dummy text ever since the 1500s, when an unknown printer took a galley of type and scrambled it to make a type specimen book. It has survived not only five centuries, but also the leap into electronic typesetting, remaining essentially unchanged. It was popularised in the 1960s with the release of Letraset sheets containing Lorem Ipsum passages, and more recently with desktop publishing software like Aldus PageMaker including versions of Lorem Ipsum."
    },
    {
      "userName": "Hileri Makr",
      "email": "abdullah@gmail.com",
      "status": "read",
      "type": "sent",
      "from": "me",
      "to": "name@example.com",
      "stared": false,
      "img": "img/sellers/5.png",
      "id": 1585118306999,
      "subject": "Email subject lorem ipsum",
      "attach": [],
      "body": "Lorem Ipsum is simply dummy text of the printing and typesetting industry. Lorem Ipsum has been the industry's standard dummy text ever since the 1500s, when an unknown printer took a galley of type and scrambled it to make a type specimen book. It has survived not only five centuries, but also the leap into electronic typesetting, remaining essentially unchanged. It was popularised in the 1960s with the release of Letraset sheets containing Lorem Ipsum passages, and more recently with desktop publishing software like Aldus PageMaker including versions of Lorem Ipsum."
    },
    {
      "userName": "Vincent Porter",
      "email": "sorif@gmail.com",
      "status": "read",
      "type": "inbox",
      "from": "name@example.com",
      "to": "me",
      "stared": false,
      "img": "img/sellers/6.png",
      "id": 1593052811353,
      "subject": "Email subject lorem ipsum",
      "attach": [],
      "body": "Lorem Ipsum is simply dummy text of the printing and typesetting industry. Lorem Ipsum has been the industry's standard dummy text ever since the 1500s, when an unknown printer took a galley of type and scrambled it to make a type specimen book. It has survived not only five centuries, but also the leap into electronic typesetting, remaining essentially unchanged. It was popularised in the 1960s with the release of Letraset sheets containing Lorem Ipsum passages, and more recently with desktop publishing software like Aldus PageMaker including versions of Lorem Ipsum."
    },
    {
      "userName": "Sam Porter",
      "email": "tanvir@gmail.com",
      "status": "read",
      "type": "inbox",
      "from": "name@example.com",
      "to": "me",
      "stared": false,
      "img": "img/sellers/7.png",
      "id": 1593052915496,
      "subject": "Email subject lorem ipsum",
      "attach": [],
      "body": "Lorem Ipsum is simply dummy text of the printing and typesetting industry. Lorem Ipsum has been the industry's standard dummy text ever since the 1500s, when an unknown printer took a galley of type and scrambled it to make a type specimen book. It has survived not only five centuries, but also the leap into electronic typesetting, remaining essentially unchanged. It was popularised in the 1960s with the release of Letraset sheets containing Lorem Ipsum passages, and more recently with desktop publishing software like Aldus PageMaker including versions of Lorem Ipsum."
    },
    {
      "userName": "Jenisha Trivedi",
      "email": "tanvir@gmail.com",
      "status": "read",
      "type": "inbox",
      "from": "name@example.com",
      "to": "me",
      "stared": false,
      "img": "img/sellers/8.png",
      "id": 1593052915497,
      "subject": "Email subject lorem ipsum",
      "attach": [],
      "body": "Lorem Ipsum is simply dummy text of the printing and typesetting industry. Lorem Ipsum has been the industry's standard dummy text ever since the 1500s, when an unknown printer took a galley of type and scrambled it to make a type specimen book. It has survived not only five centuries, but also the leap into electronic typesetting, remaining essentially unchanged. It was popularised in the 1960s with the release of Letraset sheets containing Lorem Ipsum passages, and more recently with desktop publishing software like Aldus PageMaker including versions of Lorem Ipsum."
    },
    {
      "userName": "Sarah Graves",
      "email": "tanvir@gmail.com",
      "status": "read",
      "type": "inbox",
      "from": "name@example.com",
      "to": "me",
      "stared": false,
      "img": "img/sellers/9.png",
      "id": 1593052915498,
      "subject": "Email subject lorem ipsum",
      "attach": [],
      "body": "Lorem Ipsum is simply dummy text of the printing and typesetting industry. Lorem Ipsum has been the industry's standard dummy text ever since the 1500s, when an unknown printer took a galley of type and scrambled it to make a type specimen book. It has survived not only five centuries, but also the leap into electronic typesetting, remaining essentially unchanged. It was popularised in the 1960s with the release of Letraset sheets containing Lorem Ipsum passages, and more recently with desktop publishing software like Aldus PageMaker including versions of Lorem Ipsum."
    },
    {
      "userName": "AI Could Uber",
      "email": "tanvir@gmail.com",
      "status": "read",
      "type": "inbox",
      "from": "name@example.com",
      "to": "me",
      "stared": false,
      "img": "img/sellers/1.png",
      "id": 1593052915499,
      "subject": "Email subject lorem ipsum",
      "attach": [],
      "body": "Lorem Ipsum is simply dummy text of the printing and typesetting industry. Lorem Ipsum has been the industry's standard dummy text ever since the 1500s, when an unknown printer took a galley of type and scrambled it to make a type specimen book. It has survived not only five centuries, but also the leap into electronic typesetting, remaining essentially unchanged. It was popularised in the 1960s with the release of Letraset sheets containing Lorem Ipsum passages, and more recently with desktop publishing software like Aldus PageMaker including versions of Lorem Ipsum."
    },
    {
      "userName": "Sam Porter",
      "email": "tanvir@gmail.com",
      "status": "read",
      "type": "inbox",
      "from": "name@example.com",
      "to": "me",
      "stared": false,
      "img": "img/sellers/2.png",
      "id": 1593052915596,
      "subject": "Email subject lorem ipsum",
      "attach": [],
      "body": "Lorem Ipsum is simply dummy text of the printing and typesetting industry. Lorem Ipsum has been the industry's standard dummy text ever since the 1500s, when an unknown printer took a galley of type and scrambled it to make a type specimen book. It has survived not only five centuries, but also the leap into electronic typesetting, remaining essentially unchanged. It was popularised in the 1960s with the release of Letraset sheets containing Lorem Ipsum passages, and more recently with desktop publishing software like Aldus PageMaker including versions of Lorem Ipsum."
    }
  ]
}
