[  
  { 
    "title": "Main-admin-design.zip",
    "logo": "zip.png",
    "size": "7.05 MB",
    "actions": [ 
      { 
        "label": "Download",
        "url": "/"
      }   
    ]
  },
  {
    "title": "Product-guidelines.pdf",
    "logo": "pdf.png",
    "size": "522 KB",
    "actions": [
      {
        "label": "View",
        "url": "#"
      },
      {
        "label": "Download",
        "url": "#"
      }
    ]
  },
  {
    "title": "admin-wireframe.psd",
    "logo": "psd.png",
    "size": "2.05 MB",
    "actions": [
      {
        "label": "Download",
        "url": "#"
      }
    ]
  },
  {
    "title": "Wirefram-escreenshots.jpg",
    "logo": "jpg.png",
    "size": "522 KB",
    "actions": [
      {
        "label": "View",
        "url": "#"
      },
      {
        "label": "Download",
        "url": "#"
      }
    ]
  },
  {
    "title": "Logo.png",
    "logo": "png.png",
    "size": "522 KB",
    "actions": [
      {
        "label": "View",
        "url": "#"
      },
      {
        "label": "Download",
        "url": "#"
      }
    ]
  }
]
