{
  "barChartData": [
    ["City", "2010 Population", "2000 Population"],
    ["New York City, NY", 8175000, 8008000],
    ["Los Angeles, CA", 3792000, 3694000],
    ["Chicago, IL", 2695000, 2896000],
    ["Houston, TX", 2099000, 1953000],
    ["Philadelphia, PA", 1526000, 1517000]
  ],
  "materialDesignChart": [
    ["Year", "Sales", "Expenses", "Profit"],
    ["2014", 1000, 400, 200],
    ["2015", 1170, 460, 250],
    ["2016", 660, 1120, 300],
    ["2017", 1030, 540, 350]
  ],
  "comboChartData": [
    ["Month", "Bolivia", "Ecuador", "Madagascar", "Papua New Guinea", "Rwanda", "Average"],
    ["2004/05", 165, 938, 522, 998, 450, 614.6],
    ["2005/06", 135, 1120, 599, 1268, 288, 682],
    ["2006/07", 157, 1167, 587, 807, 397, 623],
    ["2007/08", 139, 1110, 615, 968, 215, 609.4],
    ["2008/09", 136, 691, 629, 1026, 366, 569.6]
  ],
  "lineChartData": [
    ["x", "dogs"],
    [0, 0],
    [1, 10],
    [2, 23],
    [3, 17],
    [4, 18],
    [5, 9],
    [6, 11],
    [7, 27],
    [8, 33],
    [9, 40],
    [10, 32],
    [11, 35]
  ],
  "MultilineChartData": [
    ["x", "dogs", "cats"],
    [0, 0, 0],
    [1, 10, 5],
    [2, 23, 15],
    [3, 17, 9],
    [4, 18, 10],
    [5, 9, 5],
    [6, 11, 3],
    [7, 27, 19]
  ],
  "organizationChartData": [
    ["Name", "Manager", "ToolTip"],
    [
      {
        "v": "Mike",
        "f": "Mike<div style=\"color:red; font-style:italic\">President</div>"
      },
      "",
      "The President"
    ],
    [
      {
        "v": "Jim",
        "f": "Jim<div style=\"color:red; font-style:italic\">Vice President</div>"
      },
      "Mike",
      "VP"
    ],
    ["Alice", "Mike", ""],
    ["Bob", "Jim", "Bob Sponge"],
    ["Carol", "Bob", ""]
  ],
  "pieChartData": [
    ["Task", "Hours per Day"],
    ["Work", 11],
    ["Eat", 2],
    ["Commute", 2],
    ["Watch TV", 2],
    ["Sleep", 7]
  ]
}
