[
    {
        "id": 1,
        "title": "WordPress Plugins Developer",
        "location": "New York,USA",
        "deadline": "31 may 2021",
        "jobType": "Full Time",
        "salary": "$70-$150 per month",
        "icon": "img/jobs/stats.svg"
    },
    {
        "id": 2,
        "title": "JavaScript Developer",
        "location": "Sydney, Aus",
        "deadline": "31 may 2021",
        "jobType": "Full Time",
        "salary": "$70-$150 per month",
        "icon": "img/jobs/chrome.svg"
    },
    {
        "id": 3,
        "title": "Senior UI/UX Designer",
        "location": "London,UK",
        "deadline": "31 may 2021",
        "jobType": "Full Time",
        "salary": "$70-$150 per month",
        "icon": "img/jobs/dribble.svg"
    },
    {
        "id": 4,
        "title": "Frontend Developer",
        "location": "Manchester City, UK",
        "deadline": "31 may 2021",
        "jobType": "Full Time",
        "salary": "$70-$150 per month",
        "icon": "img/jobs/slack.svg"
    },
    {
        "id": 5,
        "title": "Senior Plugins Developer",
        "location": "New York,USA",
        "deadline": "31 may 2021",
        "jobType": "Full Time",
        "salary": "$70-$150 per month",
        "icon": "img/jobs/stats.svg"
    },
    {
        "id": 6,
        "title": "Visual Graphic Designer",
        "location": "London, UK",
        "deadline": "31 may 2021",
        "jobType": "Full Time",
        "salary": "$70-$150 per month",
        "icon": "img/jobs/tags.svg"
    },
    {
        "id": 7,
        "title": "Support Engineer",
        "location": "California, USA",
        "deadline": "31 may 2021",
        "jobType": "Full Time",
        "salary": "$70-$150 per month",
        "icon": "img/jobs/firefox.svg"
    },
    {
        "id": 8,
        "title": "Junior WordPress Developer",
        "location": "Dhaka,BD",
        "deadline": "31 may 2021",
        "jobType": "Full Time",
        "salary": "$70-$150 per month",
        "icon": "img/jobs/stats.svg"
    },
    {
        "id": 9,
        "title": "WordPress Theme Developer",
        "location": "New York,USA",
        "deadline": "31 may 2021",
        "jobType": "Full Time",
        "salary": "$70-$150 per month",
        "icon": "img/jobs/stats.svg"
    },
    {
        "id": 10,
        "title": "WordPress Plugins Developer",
        "location": "New York,USA",
        "deadline": "31 may 2021",
        "jobType": "Full Time",
        "salary": "$70-$150 per month",
        "icon": "img/jobs/chrome.svg"
    }
]