[
  {
    "key": 1,
    "title": "Landing Page Design",
    "time": 1601453813448,
    "description": "Lorem Ipsum is simply dummy text of the printing",
    "stared": false,
    "label": "personal"
  },
  {
    "key": 2,
    "title": "Landing Page Development",
    "time": 1601453813450,
    "description": "Lorem Ipsum is simply dummy text of the printing",
    "stared": true,
    "label": "work"
  },
  {
    "key": 3,
    "title": "Shop Page Design",
    "time": 1601453813470,
    "description": "Lorem Ipsum is simply dummy text of the printing",
    "stared": false,
    "label": "important"
  },
  {
    "key": 4,
    "title": "Plugin Development",
    "time": 1601453813548,
    "description": "Lorem Ipsum is simply dummy text of the printing",
    "stared": true,
    "label": "social"
  },
  {
    "key": 5,
    "title": "Landing Page Development",
    "time": 1601453813550,
    "description": "Lorem Ipsum is simply dummy text of the printing",
    "stared": true,
    "label": "work"
  },
  {
    "key": 6,
    "title": "Shop App Design",
    "time": 1601453813470,
    "description": "Lorem Ipsum is simply dummy text of the printing",
    "stared": false,
    "label": "important"
  }
]
