[
  {
    "orderId": "#02-0003",
    "customers": "Kellie Marquot",
    "status": "Shipped",
    "amount": "$4,248.66",
    "date": "January 20, 2020"
  },
  {
    "orderId": "#02-0004",
    "customers": "Carroll Maharry",
    "status": "Awaiting Shipment",
    "amount": "$14,248.61",
    "date": "January 28, 2020"
  },
  {
    "orderId": "#02-0005",
    "customers": "Rosenbaum Reichel",
    "status": "Shipped",
    "amount": "$24,248.90",
    "date": "January 30, 2020"
  },
  {
    "orderId": "#02-0006",
    "customers": "Ashley Briggs",
    "status": "Shipped",
    "amount": "$6,248.87",
    "date": "February 2, 2020"
  },
  {
    "orderId": "#02-0007",
    "customers": "Carl Jenkins",
    "status": "Canceled",
    "amount": "$35,545.66",
    "date": "February 12, 2020"
  },
  {
    "orderId": "#02-0008",
    "customers": "Bertha Martin",
    "status": "Shipped",
    "amount": "$4,248.66",
    "date": "February 8, 2020"
  },
  {
    "orderId": "#02-0009",
    "customers": "Stacie Hall",
    "status": "Awaiting Shipment",
    "amount": "$34,248.66",
    "date": "February 2, 2020"
  },
  {
    "orderId": "#02-0010",
    "customers": "Kellie Marquot",
    "status": "Canceled",
    "amount": "$14,244.20",
    "date": "January 20, 2020"
  },
  {
    "orderId": "#02-0010",
    "customers": "Kellie Marquot",
    "status": "Canceled",
    "amount": "$14,244.20",
    "date": "January 20, 2020"
  },
  {
    "orderId": "#02-0011",
    "customers": "Amanda Jones",
    "status": "Shipped",
    "amount": "$4,248.66",
    "date": "January 20, 2020"
  },
  {
    "orderId": "#02-0012",
    "customers": "Ashley Briggs",
    "status": "Shipped",
    "amount": "$4,248.66",
    "date": "January 20, 2020"
  }
]
