[
    {
        "id": 1,
        "type": "primary",
        "icon": "ticket.svg",
        "label": "Total Tickets",
        "total": "30825",
        "suffix": "",
        "prefix": ""
    },
    {
        "id": 2,
        "type": "secondary",
        "icon": "ticket.svg",
        "label": "Total Tickets",
        "total": "825",
        "suffix": "",
        "prefix": ""
    },
    {
        "id": 3,
        "type": "warning",
        "icon": "clock.svg",
        "label": "Total Tickets",
        "total": "350",
        "suffix": "",
        "prefix": ""
    },
    {
        "id": 4,
        "type": "success",
        "icon": "check-circle.svg",
        "label": "Total Tickets",
        "total": "30825",
        "suffix": "",
        "prefix": ""
    }
]