{
  "salesLocation": {
    "today": [
      [
        "United states",
        "90",
        "$536"
      ],
      [
        "United kingdom",
        "70",
        "$573"
      ],
      [
        "Canada",
        "70",
        "$457"
      ],
      [
        "Japan",
        "30",
        "$524"
      ],
      [
        "Bangladesh",
        "50",
        "$354"
      ],
      [
        "India",
        "60",
        "$654"
      ]
    ],
    "week": [
      [
        "Japan",
        "90",
        "$336"
      ],
      [
        "United kingdom",
        "70",
        "$873"
      ],
      [
        "Canada",
        "70",
        "$557"
      ],
      [
        "Japan",
        "30",
        "$525"
      ],
      [
        "Bangladesh",
        "50",
        "$352"
      ],
      [
        "Pakistan",
        "60",
        "$658"
      ]
    ],
    "month": [
      [
        "Russia",
        "90",
        "$534"
      ],
      [
        "Germany",
        "70",
        "$573"
      ],
      [
        "Canada",
        "70",
        "$487"
      ],
      [
        "Japan",
        "30",
        "$514"
      ],
      [
        "Bangladesh",
        "50",
        "$394"
      ],
      [
        "Vutan",
        "60",
        "$354"
      ]
    ]
  },
  "topSaleProduct": {
    "today": [
      {
        "key": "1",
        "img": "1.png",
        "name": "Samsung Galaxy S8 256GB",
        "price": "$280",
        "sold": "126",
        "revenue": "$38,536"
      },
      {
        "key": "2",
        "img": "2.png",
        "name": "Half Sleeve Shirt",
        "price": "$39",
        "sold": "180",
        "revenue": "$20,573"
      },
      {
        "key": "3",
        "img": "3.png",
        "name": "Marco Shoes",
        "price": "$89",
        "sold": "581",
        "revenue": "$170,758"
      },
      {
        "key": "4",
        "img": "5.png",
        "name": "Marco Shoes",
        "price": "$32",
        "sold": "451",
        "revenue": "$258,105"
      },
      {
        "key": "5",
        "img": "4.png",
        "name": "15\" MackBook Pro",
        "price": "$950",
        "sold": "745",
        "revenue": "$745,154"
      }
    ],
    "week": [
      {
        "key": "1",
        "img": "1.png",
        "name": "Samsung Note 10 256GB",
        "price": "$450",
        "sold": "300",
        "revenue": "$43060"
      },
      {
        "key": "2",
        "img": "2.png",
        "name": "Full Sleeve Shirt",
        "price": "$49",
        "sold": "300",
        "revenue": "$3178"
      },
      {
        "key": "3",
        "img": "3.png",
        "name": "Nike Shoes",
        "price": "$89",
        "sold": "581",
        "revenue": "$170,758"
      },
      {
        "key": "4",
        "img": "5.png",
        "name": "Bata Shoes",
        "price": "$32",
        "sold": "451",
        "revenue": "$258,105"
      },
      {
        "key": "5",
        "img": "4.png",
        "name": "15\" MackBook Pro",
        "price": "$950",
        "sold": "745",
        "revenue": "$745,154"
      }
    ],
    "month": [
      {
        "key": "1",
        "img": "1.png",
        "name": "Samsung Galaxy Premio 256GB",
        "price": "$670",
        "sold": "126",
        "revenue": "$40,988"
      },
      {
        "key": "2",
        "img": "2.png",
        "name": "Half Sleeve Shirt",
        "price": "$39",
        "sold": "180",
        "revenue": "$20,573"
      },
      {
        "key": "3",
        "img": "3.png",
        "name": "Marco Shoes",
        "price": "$89",
        "sold": "581",
        "revenue": "$170,758"
      },
      {
        "key": "4",
        "img": "5.png",
        "name": "Marco Shoes",
        "price": "$32",
        "sold": "451",
        "revenue": "$258,105"
      },
      {
        "key": "5",
        "img": "4.png",
        "name": "15\" MackBook Pro",
        "price": "$950",
        "sold": "745",
        "revenue": "$745,154"
      }
    ]
  },
  "browserState": {
    "today": [
      {
        "key": "1",
        "img": "chrome.png",
        "name": "Google Chrome",
        "session": "92,345",
        "bounceRate": "5.5%",
        "cte": "12025",
        "goalRate": "90%"
      },
      {
        "key": "2",
        "img": "firefox.png",
        "name": "Google Chrome",
        "session": "92,345",
        "bounceRate": "1.5%",
        "cte": "12025",
        "goalRate": "90%"
      },
      {
        "key": "3",
        "img": "internet-explorer.png",
        "name": "Google Chrome",
        "session": "92,345",
        "bounceRate": "5.5%",
        "cte": "12025",
        "goalRate": "90%"
      },
      {
        "key": "4",
        "img": "opera.png",
        "name": "Google Chrome",
        "session": "92,345",
        "bounceRate": "0.5%",
        "cte": "12025",
        "goalRate": "90%"
      },
      {
        "key": "5",
        "img": "safari.png",
        "name": "Google Chrome",
        "session": "92,345",
        "bounceRate": "8.5%",
        "cte": "12025",
        "goalRate": "90%"
      }
    ],
    "week": [
      {
        "key": "1",
        "img": "chrome.png",
        "name": "Google Chrome",
        "session": "92,345",
        "bounceRate": "4.5%",
        "cte": "12025",
        "goalRate": "90%"
      },
      {
        "key": "2",
        "img": "firefox.png",
        "name": "Google Chrome",
        "session": "92,345",
        "bounceRate": "8.5%",
        "cte": "12025",
        "goalRate": "90%"
      },
      {
        "key": "3",
        "img": "internet-explorer.png",
        "name": "Google Chrome",
        "session": "92,345",
        "bounceRate": "7.5%",
        "cte": "12025",
        "goalRate": "90%"
      },
      {
        "key": "4",
        "img": "opera.png",
        "name": "Google Chrome",
        "session": "92,345",
        "bounceRate": "0.5%",
        "cte": "12025",
        "goalRate": "90%"
      },
      {
        "key": "5",
        "img": "safari.png",
        "name": "Google Chrome",
        "session": "92,345",
        "bounceRate": "1.5%",
        "cte": "12025",
        "goalRate": "90%"
      }
    ],
    "month": [
      {
        "key": "1",
        "img": "chrome.png",
        "name": "Google Chrome",
        "session": "92,345",
        "bounceRate": "4.5%",
        "cte": "13025",
        "goalRate": "90%"
      },
      {
        "key": "2",
        "img": "firefox.png",
        "name": "Google Chrome",
        "session": "92,345",
        "bounceRate": "7.5%",
        "cte": "13025",
        "goalRate": "90%"
      },
      {
        "key": "3",
        "img": "internet-explorer.png",
        "name": "Google Chrome",
        "session": "92,345",
        "bounceRate": "2.5%",
        "cte": "14025",
        "goalRate": "90%"
      },
      {
        "key": "4",
        "img": "opera.png",
        "name": "Google Chrome",
        "session": "92,345",
        "bounceRate": "4.5%",
        "cte": "16025",
        "goalRate": "90%"
      },
      {
        "key": "5",
        "img": "safari.png",
        "name": "Google Chrome",
        "session": "92,345",
        "bounceRate": "5.5%",
        "cte": "11025",
        "goalRate": "90%"
      }
    ]
  },
  "revenueGenerated": {
    "today": [
      {
        "key": "1",
        "icon": "google",
        "name": "Google",
        "visitors": "23,397",
        "pageView": "17,201",
        "revenue": "$5,536",
        "trend": "90",
        "type": "primary"
      },
      {
        "key": "2",
        "icon": "facebook",
        "name": "Facebook",
        "visitors": "23,397",
        "pageView": "14,201",
        "revenue": "$5,536",
        "trend": "57",
        "type": "info"
      },
      {
        "key": "3",
        "icon": "twitter",
        "name": "Twitter",
        "visitors": "23,397",
        "pageView": "16,201",
        "revenue": "$5,536",
        "trend": "78",
        "type": "success"
      },
      {
        "key": "4",
        "icon": "linkedin",
        "name": "Linkedin",
        "visitors": "23,397",
        "pageView": "13,201",
        "revenue": "$5,536",
        "trend": "96",
        "type": "violet"
      },
      {
        "key": "5",
        "icon": "instagram",
        "name": "Instagram",
        "visitors": "23,397",
        "pageView": "16,201",
        "revenue": "$5,536",
        "trend": "21",
        "type": "warning"
      }
    ],
    "week": [
      {
        "key": "1",
        "icon": "google",
        "name": "Google",
        "visitors": "26,397",
        "pageView": "53,465",
        "revenue": "$4,617",
        "trend": "70",
        "type": "primary"
      },
      {
        "key": "2",
        "icon": "facebook",
        "name": "Facebook",
        "visitors": "22,454",
        "pageView": "83,734",
        "revenue": "$4,328",
        "trend": "53",
        "type": "info"
      },
      {
        "key": "3",
        "icon": "twitter",
        "name": "Twitter",
        "visitors": "29,364",
        "pageView": "74,345",
        "revenue": "$6,438",
        "trend": "86",
        "type": "success"
      },
      {
        "key": "4",
        "icon": "linkedin",
        "name": "Linkedin",
        "visitors": "24,565",
        "pageView": "24,572",
        "revenue": "$4,257",
        "trend": "98",
        "type": "violet"
      },
      {
        "key": "5",
        "icon": "instagram",
        "name": "Instagram",
        "visitors": "16,637",
        "pageView": "30,234",
        "revenue": "$8,559",
        "trend": "20",
        "type": "warning"
      }
    ],
    "month": [
      {
        "key": "1",
        "icon": "google",
        "name": "Google",
        "visitors": "29,575",
        "pageView": "11,317",
        "revenue": "$8,472",
        "trend": "60",
        "type": "primary"
      },
      {
        "key": "2",
        "icon": "facebook",
        "name": "Facebook",
        "visitors": "11,159",
        "pageView": "10,470",
        "revenue": "$6,538",
        "trend": "54",
        "type": "info"
      },
      {
        "key": "3",
        "icon": "twitter",
        "name": "Twitter",
        "visitors": "21,341",
        "pageView": "22,010",
        "revenue": "$6,017",
        "trend": "71",
        "type": "success"
      },
      {
        "key": "4",
        "icon": "linkedin",
        "name": "Linkedin",
        "visitors": "23,258",
        "pageView": "11,184",
        "revenue": "$6,368",
        "trend": "92",
        "type": "violet"
      },
      {
        "key": "5",
        "icon": "instagram",
        "name": "Instagram",
        "visitors": "22,249",
        "pageView": "10,151",
        "revenue": "$5,536",
        "trend": "20",
        "type": "warning"
      }
    ]
  },
  "trafficChannel": [
      {
        "icon": "facebook",
        "name": "Facebook",
        "user": "3,397",
        "session": "123",
        "bounce": "2,584",
        "duration": "00:01:05"
      },
      {
        "icon": "twitter",
        "name": "Twitter",
        "user": "2,397",
        "session": "433",
        "bounce": "2,024",
        "duration": "00:02:35"
    },
    {
      "icon": "instagram",
      "name": "Instagram",
      "user": "6,397",
      "session": "234",
      "bounce": "2,404",
      "duration": "00:01:65"
    },
    {
      "icon": "youtube",
      "name": "Youtube",
      "user": "1,397",
      "session": "678",
      "bounce": "2,681",
      "duration": "00:04:05"
    }
  ],
  "newProduct": {
    "today": [
      {
        "key": "1",
        "img": "6.png",
        "name": "UV Protected Sunglass",
        "price": "$38,536"
      },
      {
        "key": "2",
        "img": "7.png",
        "name": "Black Headphone",
        "price": "$38,536"
      },
      {
        "key": "3",
        "img": "8.png",
        "name": "Nike Shoes",
        "price": "$38,536"
      },
      {
        "key": "4",
        "img": "9.png",
        "name": "Women Bag",
        "price": "$38,536"
      },
      {
        "key": "5",
        "img": "4.png",
        "name": "15`` Mackbook Pro",
        "price": "$38,536"
      }
    ],
    "week": [
      {
        "key": "1",
        "img": "6.png",
        "name": "New Model Sunglass",
        "price": "$38,536"
      },
      {
        "key": "2",
        "img": "7.png",
        "name": "Smart Headphone",
        "price": "$38,536"
      },
      {
        "key": "3",
        "img": "8.png",
        "name": "Nike Shoes",
        "price": "$38,536"
      },
      {
        "key": "4",
        "img": "9.png",
        "name": "Men Bag",
        "price": "$38,536"
      },
      {
        "key": "5",
        "img": "4.png",
        "name": "15`` Toshiba Pro",
        "price": "$38,536"
      }
    ],
    "month": [
      {
        "key": "1",
        "img": "6.png",
        "name": "Computer Light Sunglass",
        "price": "$38,536"
      },
      {
        "key": "2",
        "img": "7.png",
        "name": "Large Headphone",
        "price": "$38,536"
      },
      {
        "key": "3",
        "img": "8.png",
        "name": "Nike Shoes",
        "price": "$38,536"
      },
      {
        "key": "4",
        "img": "9.png",
        "name": "High Quality Bag",
        "price": "$38,536"
      },
      {
        "key": "5",
        "img": "4.png",
        "name": "15`` Lenovo Pro",
        "price": "$38,536"
      }
    ]
  },
  "bestSeller": {
    "today": [
      {
        "key": "1",
        "img": "10.png",
        "name": "Robert Clinton",
        "company": "Samsung",
        "product": "Smart Phone",
        "revenue": "$38,536",
        "status": "Done"
      },
      {
        "key": "2",
        "img": "11.png",
        "name": "Michael Johnson  ",
        "company": "Asus",
        "product": "Laptop",
        "revenue": "$20,573",
        "status": "On Process"
      },
      {
        "key": "3",
        "img": "12.png",
        "name": "Daniel White",
        "company": "Google",
        "product": "Watch",
        "revenue": "$17,457",
        "status": "Pending"
      },
      {
        "key": "4",
        "img": "13.png",
        "name": "Chris Barin ",
        "company": "Apple",
        "product": "Computer",
        "revenue": "$15,354",
        "status": "Done"
      },
      {
        "key": "5",
        "img": "14.png",
        "name": "Daniel Pink",
        "company": "Panasonic",
        "product": "Sunglass",
        "revenue": "$12,354",
        "status": "Done"
      }
    ],
    "week": [
      {
        "key": "1",
        "img": "10.png",
        "name": "Richard Clinton",
        "company": "Samsung",
        "product": "Smart Phone",
        "revenue": "$38,536",
        "status": "Pending"
      },
      {
        "key": "2",
        "img": "11.png",
        "name": "Jhon Johnson  ",
        "company": "Asus",
        "product": "Laptop",
        "revenue": "$20,573",
        "status": "Done"
      },
      {
        "key": "3",
        "img": "12.png",
        "name": "Daniel White",
        "company": "Google",
        "product": "Watch",
        "revenue": "$17,457",
        "status": "Pending"
      },
      {
        "key": "4",
        "img": "13.png",
        "name": "David Barin ",
        "company": "Apple",
        "product": "Computer",
        "revenue": "$15,354",
        "status": "Pending"
      },
      {
        "key": "5",
        "img": "14.png",
        "name": "Daniel Pink",
        "company": "Panasonic",
        "product": "Sunglass",
        "revenue": "$12,354",
        "status": "Done"
      }
    ],
    "month": [
      {
        "key": "1",
        "img": "10.png",
        "name": "Michel Clinton",
        "company": "Samsung",
        "product": "Smart Phone",
        "revenue": "$38,536",
        "status": "On Process"
      },
      {
        "key": "2",
        "img": "11.png",
        "name": "Christopher Johnson  ",
        "company": "Asus",
        "product": "Laptop",
        "revenue": "$20,573",
        "status": "Done"
      },
      {
        "key": "3",
        "img": "12.png",
        "name": "Joseph White",
        "company": "Google",
        "product": "Watch",
        "revenue": "$17,457",
        "status": "Pending"
      },
      {
        "key": "4",
        "img": "13.png",
        "name": "Richard Barin ",
        "company": "Apple",
        "product": "Computer",
        "revenue": "$15,354",
        "status": "Done"
      },
      {
        "key": "5",
        "img": "14.png",
        "name": "Daniel Pink",
        "company": "Panasonic",
        "product": "Sunglass",
        "revenue": "$12,354",
        "status": "Done"
      }
    ]
  },
  "activeUserData": {
    "today": [
      {
        "key": "1",
        "img": "10.png",
        "name": "Robert Clinton",
        "company": "Samsung",
        "product": "Smart Phone",
        "revenue": "$38,536",
        "status": "Done"
      },
      {
        "key": "2",
        "img": "11.png",
        "name": "Michael Johnson  ",
        "company": "Asus",
        "product": "Laptop",
        "revenue": "$20,573",
        "status": "Done"
      },
      {
        "key": "3",
        "img": "12.png",
        "name": "Daniel White",
        "company": "Google",
        "product": "Watch",
        "revenue": "$17,457",
        "status": "Pending"
      },
      {
        "key": "4",
        "img": "13.png",
        "name": "Chris Barin ",
        "company": "Apple",
        "product": "Computer",
        "revenue": "$15,354",
        "status": "Done"
      },
      {
        "key": "5",
        "img": "14.png",
        "name": "Daniel Pink",
        "company": "Panasonic",
        "product": "Sunglass",
        "revenue": "$12,354",
        "status": "Done"
      }
    ],
    "week": [
      {
        "key": "1",
        "img": "10.png",
        "name": "Theme Jhone",
        "company": "Daraz",
        "product": "Cool watch",
        "revenue": "$28,336",
        "status": "Done"
      },
      {
        "key": "2",
        "img": "11.png",
        "name": "Elon Mask",
        "company": "Picaboo",
        "product": "Tea Cup",
        "revenue": "$22",
        "status": "Pensing"
      },
      {
        "key": "3",
        "img": "12.png",
        "name": "Shamim Ahmed",
        "company": "Yahoo",
        "product": "Rocking Chair",
        "revenue": "$1,007",
        "status": "Pending"
      },
      {
        "key": "4",
        "img": "13.png",
        "name": "Tanjim Hasan",
        "company": "Sovware",
        "product": "DSLR Camera",
        "revenue": "$1,354",
        "status": "Done"
      },
      {
        "key": "5",
        "img": "14.png",
        "name": "Daniel Pink",
        "company": "Panasonic",
        "product": "Sunglass",
        "revenue": "$12,354",
        "status": "Done"
      }
    ],
    "month": [
      {
        "key": "1",
        "img": "10.png",
        "name": "Robert Clinton",
        "company": "Samsung",
        "product": "Smart Phone",
        "revenue": "$38,536",
        "status": "Done"
      },
      {
        "key": "2",
        "img": "11.png",
        "name": "Michael Johnson  ",
        "company": "Asus",
        "product": "Laptop",
        "revenue": "$20,573",
        "status": "Done"
      },
      {
        "key": "3",
        "img": "12.png",
        "name": "Daniel White",
        "company": "Google",
        "product": "Watch",
        "revenue": "$17,457",
        "status": "Pending"
      },
      {
        "key": "4",
        "img": "13.png",
        "name": "Chris Barin ",
        "company": "Apple",
        "product": "Computer",
        "revenue": "$15,354",
        "status": "Done"
      },
      {
        "key": "5",
        "img": "14.png",
        "name": "Daniel Pink",
        "company": "Panasonic",
        "product": "Sunglass",
        "revenue": "$12,354",
        "status": "Done"
      }
    ]
  },
  "topProduct": {
    "today": [
      {
        "key": "1",
        "img": "1.png",
        "name": "Samsung Galaxy S8 256GB",
        "deals": "$280",
        "amount": "126"
      },
      {
        "key": "2",
        "img": "2.png",
        "name": "Half Sleeve Shirt",
        "deals": "$60",
        "amount": "454"
      },
      {
        "key": "3",
        "img": "3.png",
        "name": "Marco Shoes",
        "deals": "$80",
        "amount": "7898"
      },
      {
        "key": "4",
        "img": "5.png",
        "name": "Apple Mobile Phone",
        "deals": "$480",
        "amount": "21"
      },
      {
        "key": "5",
        "img": "4.png",
        "name": "Microlab Headphone",
        "deals": "$10",
        "amount": "56446"
      },
      {
        "key": "6",
        "img": "7.png",
        "name": "Women Bag",
        "deals": "$100",
        "amount": "11046"
      }
    ],
    "week": [
      {
        "key": "1",
        "img": "1.png",
        "name": "Samsung Galaxy S8 256GB",
        "deals": "$280",
        "amount": "126"
      },
      {
        "key": "2",
        "img": "2.png",
        "name": "Samsung Galaxy S8 256GB",
        "deals": "$280",
        "amount": "126"
      },
      {
        "key": "3",
        "img": "3.png",
        "name": "Samsung Galaxy S8 256GB",
        "deals": "$280",
        "amount": "126"
      },
      {
        "key": "4",
        "img": "5.png",
        "name": "Samsung Galaxy S8 256GB",
        "deals": "$280",
        "amount": "126"
      },
      {
        "key": "5",
        "img": "4.png",
        "name": "Samsung Galaxy S8 256GB",
        "deals": "$280",
        "amount": "126"
      },
      {
        "key": "6",
        "img": "7.png",
        "name": "Women Bag",
        "deals": "$100",
        "amount": "11046"
      }
    ],
    "month": [
      {
        "key": "1",
        "img": "1.png",
        "name": "Samsung Galaxy S8 256GB",
        "deals": "$280",
        "amount": "126"
      },
      {
        "key": "2",
        "img": "2.png",
        "name": "Samsung Galaxy S8 256GB",
        "deals": "$280",
        "amount": "126"
      },
      {
        "key": "3",
        "img": "3.png",
        "name": "Samsung Galaxy S8 256GB",
        "deals": "$280",
        "amount": "126"
      },
      {
        "key": "4",
        "img": "5.png",
        "name": "Samsung Galaxy S8 256GB",
        "deals": "$280",
        "amount": "126"
      },
      {
        "key": "5",
        "img": "4.png",
        "name": "Samsung Galaxy S8 256GB",
        "deals": "$280",
        "amount": "126"
      },
      {
        "key": "6",
        "img": "7.png",
        "name": "Women Bag",
        "deals": "$100",
        "amount": "11046"
      }
    ]
  },
  "recentDeal": {
    "today": [
      {
        "key": "1",
        "img": "1.png",
        "name": "Samsung Galaxy S8 256GB",
        "price": "$280"
      },
      {
        "key": "2",
        "img": "2.png",
        "name": "Half Sleeve Shirt",
        "price": "$280"
      },
      {
        "key": "3",
        "img": "3.png",
        "name": "Marco Shoes",
        "price": "$280"
      },
      {
        "key": "4",
        "img": "5.png",
        "name": "Apple Mobile Phone",
        "price": "$280"
      },
      {
        "key": "5",
        "img": "4.png",
        "name": "Microlab Headphone",
        "price": "$280"
      },
      {
        "key": "6",
        "img": "7.png",
        "name": "Women Bag",
        "price": "$280"
      }
    ],
    "week": [
      {
        "key": "1",
        "img": "1.png",
        "name": "Samsung Galaxy S8 256GB",
        "price": "$280"
      },
      {
        "key": "2",
        "img": "2.png",
        "name": "Samsung Galaxy S8 256GB",
        "price": "$280"
      },
      {
        "key": "3",
        "img": "3.png",
        "name": "Samsung Galaxy S8 256GB",
        "price": "$280"
      },
      {
        "key": "4",
        "img": "5.png",
        "name": "Samsung Galaxy S8 256GB",
        "price": "$280"
      },
      {
        "key": "5",
        "img": "4.png",
        "name": "Samsung Galaxy S8 256GB",
        "price": "$280"
      },
      {
        "key": "6",
        "img": "7.png",
        "name": "Women Bag",
        "price": "$280"
      }
    ],
    "month": [
      {
        "key": "1",
        "img": "1.png",
        "name": "Samsung Galaxy S8 256GB",
        "price": "$280"
      },
      {
        "key": "2",
        "img": "2.png",
        "name": "Samsung Galaxy S8 256GB",
        "price": "$280"
      },
      {
        "key": "3",
        "img": "3.png",
        "name": "Samsung Galaxy S8 256GB",
        "price": "$280"
      },
      {
        "key": "4",
        "img": "5.png",
        "name": "Samsung Galaxy S8 256GB",
        "price": "$280"
      },
      {
        "key": "5",
        "img": "4.png",
        "name": "Samsung Galaxy S8 256GB",
        "price": "$280"
      },
      {
        "key": "6",
        "img": "7.png",
        "name": "Women Bag",
        "price": "$280"
      }
    ]
  },
  "memberProgressData": {
    "today": [
      {
        "id": 1,
        "title": "Robert Clinton",
        "workOn": "ReactJs, HTML",
        "userImg": "10.png",
        "salary": "108,536",
        "status": "75",
        "progress": "primary"
      },
      {
        "id": 2,
        "title": "Michael Johnson",
        "workOn": "Laravel, Angular",
        "userImg": "11.png",
        "salary": "1038,536",
        "status": "65",
        "progress": "info"
      },
      {
        "id": 3,
        "title": "Daniel White",
        "workOn": "Python,MySQL",
        "userImg": "12.png",
        "salary": "11,536",
        "status": "95",
        "progress": "success"
      },
      {
        "id": 4,
        "title": "Chris Barin",
        "workOn": "Wordpress",
        "userImg": "13.png",
        "salary": "11,536",
        "status": "65",
        "progress": "secondary"
      },
      {
        "id": 5,
        "title": "Daniel Pink",
        "workOn": "Photoshop",
        "userImg": "14.png",
        "salary": "11,236",
        "status": "50",
        "progress": "warning"
      },
      {
        "id": 6,
        "title": "Shane Pollard",
        "workOn": "Illustrator",
        "userImg": "10.png",
        "salary": "10536",
        "status": "55",
        "progress": "warning"
      }
    ],
    "week": [
      {
        "id": 1,
        "title": "Robert Clinton",
        "workOn": "ReactJs, HTML",
        "userImg": "10.png",
        "salary": "108,536",
        "status": "75",
        "progress": "primary"
      },
      {
        "id": 2,
        "title": "Michael Johnson",
        "workOn": "Laravel, Angular",
        "userImg": "11.png",
        "salary": "1038,536",
        "status": "65",
        "progress": "info"
      },
      {
        "id": 3,
        "title": "Daniel White",
        "workOn": "Python,MySQL",
        "userImg": "12.png",
        "salary": "11,536",
        "status": "95",
        "progress": "success"
      },
      {
        "id": 4,
        "title": "Chris Barin",
        "workOn": "Wordpress",
        "userImg": "13.png",
        "salary": "11,536",
        "status": "65",
        "progress": "secondary"
      },
      {
        "id": 5,
        "title": "Daniel Pink",
        "workOn": "Photoshop",
        "userImg": "14.png",
        "salary": "11,236",
        "status": "50",
        "progress": "warning"
      },
      {
        "id": 6,
        "title": "Shane Pollard",
        "workOn": "Illustrator",
        "userImg": "10.png",
        "salary": "10536",
        "status": "55",
        "progress": "warning"
      }
    ],
    "month": [
      {
        "id": 1,
        "title": "Robert Clinton",
        "workOn": "ReactJs, HTML",
        "userImg": "10.png",
        "salary": "108,536",
        "status": "75",
        "progress": "primary"
      },
      {
        "id": 2,
        "title": "Michael Johnson",
        "workOn": "Laravel, Angular",
        "userImg": "11.png",
        "salary": "1038,536",
        "status": "65",
        "progress": "info"
      },
      {
        "id": 3,
        "title": "Daniel White",
        "workOn": "Python,MySQL",
        "userImg": "12.png",
        "salary": "11,536",
        "status": "95",
        "progress": "success"
      },
      {
        "id": 4,
        "title": "Chris Barin",
        "workOn": "Wordpress",
        "userImg": "13.png",
        "salary": "11,536",
        "status": "65",
        "progress": "secondary"
      },
      {
        "id": 5,
        "title": "Daniel Pink",
        "workOn": "Photoshop",
        "userImg": "14.png",
        "salary": "11,236",
        "status": "50",
        "progress": "warning"
      },
      {
        "id": 6,
        "title": "Shane Pollard",
        "workOn": "Illustrator",
        "userImg": "10.png",
        "salary": "10536",
        "status": "55",
        "progress": "warning"
      }
    ]
  },
  "resentSeller": {
    "all": [
      {
        "id": "1",
        "title": "Robert Clinton",
        "company": "Samsung",
        "device": "Smart Phone",
        "userImg": "10.png",
        "price": "38,536",
        "status": "done"
      },
      {
        "id": "2",
        "title": "Michael Johnson",
        "company": "Samsung",
        "device": "Smart Phone",
        "userImg": "11.png",
        "price": "38,536",
        "status": "done"
      },
      {
        "id": "3",
        "title": "Daniel White",
        "company": "Samsung",
        "device": "Smart Phone",
        "userImg": "12.png",
        "price": "38,536",
        "status": "pending"
      },
      {
        "id": "4",
        "title": "Chris Barin",
        "company": "Samsung",
        "device": "Smart Phone",
        "userImg": "13.png",
        "price": "38,536",
        "status": "done"
      }
    ],
    "pending": [
      {
        "id": "1",
        "title": "Robert Clinton",
        "company": "Samsung",
        "device": "Smart Phone",
        "userImg": "10.png",
        "price": "38,536",
        "status": "done"
      },
      {
        "id": "2",
        "title": "Michael Johnson",
        "company": "Samsung",
        "device": "Smart Phone",
        "userImg": "11.png",
        "price": "38,536",
        "status": "done"
      },
      {
        "id": "3",
        "title": "Daniel White",
        "company": "Samsung",
        "device": "Smart Phone",
        "userImg": "12.png",
        "price": "38,536",
        "status": "pending"
      },
      {
        "id": "4",
        "title": "Chris Barin",
        "company": "Samsung",
        "device": "Smart Phone",
        "userImg": "13.png",
        "price": "38,536",
        "status": "done"
      }
    ],
    "done": [
      {
        "id": "1",
        "title": "Robert Clinton",
        "company": "Samsung",
        "device": "Smart Phone",
        "userImg": "10.png",
        "price": "38,536",
        "status": "done"
      },
      {
        "id": "2",
        "title": "Michael Johnson",
        "company": "Samsung",
        "device": "Smart Phone",
        "userImg": "11.png",
        "price": "38,536",
        "status": "done"
      },
      {
        "id": "3",
        "title": "Daniel White",
        "company": "Samsung",
        "device": "Smart Phone",
        "userImg": "12.png",
        "price": "38,536",
        "status": "pending"
      },
      {
        "id": "4",
        "title": "Chris Barin",
        "company": "Samsung",
        "device": "Smart Phone",
        "userImg": "13.png",
        "price": "38,536",
        "status": "done"
      }
    ]
  }
}