[
  {
    "id": 1,
    "time": 1587041636455,
    "title": "Dashboard UI",
    "company": "San Francisco, CA",
    "status": "active",
    "content": "Lorem ipsum dolor amet, consetetur sadipscing elitr sed diam",
    "img": ["img/users/1.png", "img/users/2.png", "img/users/3.png", "img/users/4.png", "img/users/5.png"],
    "icon": "img/icon/logoIn.svg"
  },
  {
    "id": 2,
    "time": 1587041711525,
    "title": "Component Library",
    "company": "San Francisco, CA",
    "status": "active",
    "content": "Lorem ipsum dolor amet, consetetur sadipscing elitr sed diam",
    "img": ["img/users/1.png", "img/users/2.png", "img/users/3.png", "img/users/4.png", "img/users/5.png"],
    "icon": "img/icon/logo2.svg"
  },
  {
    "id": 3,
    "time": 1587041758255,
    "title": "Component Library",
    "company": "San Francisco, CA",
    "status": "active",
    "content": "Lorem ipsum dolor amet, consetetur sadipscing elitr sed diam",
    "img": ["img/users/1.png", "img/users/2.png", "img/users/3.png", "img/users/4.png", "img/users/5.png"],
    "icon": "img/icon/logo3.svg"
  },
  {
    "id": 4,
    "time": 1587041856695,
    "title": "Dashboard UI",
    "company": "San Francisco, CA",
    "status": "active",
    "content": "Lorem ipsum dolor amet, consetetur sadipscing elitr sed diam",
    "img": ["img/users/1.png", "img/users/2.png", "img/users/3.png", "img/users/4.png", "img/users/5.png"],
    "icon": "img/icon/logo4.svg"
  },
  {
    "id": 5,
    "time": 1587041880519,
    "title": "Dashboard UI",
    "company": "San Francisco, CA",
    "status": "active",
    "content": "Lorem ipsum dolor amet, consetetur sadipscing elitr sed diam",
    "img": ["img/users/1.png", "img/users/2.png", "img/users/3.png", "img/users/4.png", "img/users/5.png"],
    "icon": "img/icon/logo5.svg"
  },
  {
    "id": 6,
    "time": 1587041932783,
    "title": "Dashboard UI",
    "company": "San Francisco, CA",
    "status": "active",
    "content": "Lorem ipsum dolor amet, consetetur sadipscing elitr sed diam",
    "img": ["img/users/1.png", "img/users/2.png", "img/users/3.png", "img/users/4.png", "img/users/5.png"],
    "icon": "img/icon/logo3.svg"
  },
  {
    "id": 7,
    "time": 1587041957926,
    "title": "Dashboard UI",
    "company": "San Francisco, CA",
    "status": "active",
    "content": "Lorem ipsum dolor amet, consetetur sadipscing elitr sed diam",
    "img": ["img/users/1.png", "img/users/2.png", "img/users/3.png", "img/users/4.png", "img/users/5.png"],
    "icon": "img/icon/logo4.svg"
  },
  {
    "id": 8,
    "time": 1587041979566,
    "title": "Dashboard UI",
    "company": "San Francisco, CA",
    "status": "active",
    "content": "Lorem ipsum dolor amet, consetetur sadipscing elitr sed diam",
    "img": ["img/users/1.png", "img/users/2.png", "img/users/3.png", "img/users/4.png", "img/users/5.png"],
    "icon": "img/icon/logo5.svg"
  },
  {
    "id": 9,
    "time": 1587041979569,
    "title": "Dashboard UI",
    "company": "San Francisco, CA",
    "status": "active",
    "content": "Lorem ipsum dolor amet, consetetur sadipscing elitr sed diam",
    "img": ["img/users/1.png", "img/users/2.png", "img/users/3.png", "img/users/4.png", "img/users/5.png"],
    "icon": "img/icon/logo6.svg"
  }
]
