[
  {
    "id": 1,
    "time": 1587041636455,
    "name": "Duran Clayton",
    "designation": "UI/UX Designer",
    "status": "active",
    "content": "It is a long established fact that a reader will page when looking at its layout. The point of be distracted by the readable",
    "img": "img/users/1.png",
    "cover": "img/users/cover/1.png"
  },
  {
    "id": 2,
    "time": 1587041711525,
    "name": "Duran Clayton",
    "designation": "UI/UX Designer",
    "status": "deactivated",
    "content": "It is a long established fact that a reader will page when looking at its layout. The point of be distracted by the readable",
    "img": "img/users/2.png",
    "cover": "img/users/cover/2.png"
  },
  {
    "id": 3,
    "time": 1587041758255,
    "name": "Duran Clayton",
    "designation": "UI/UX Designer",
    "status": "blocked",
    "content": "It is a long established fact that a reader will page when looking at its layout. The point of be distracted by the readable",
    "img": "img/users/3.png",
    "cover": "img/users/cover/3.png"
  },
  {
    "id": 4,
    "time": 1587041856695,
    "name": "Duran Clayton",
    "designation": "UI/UX Designer",
    "status": "active",
    "content": "It is a long established fact that a reader will page when looking at its layout. The point of be distracted by the readable",
    "img": "img/users/4.png",
    "cover": "img/users/cover/4.png"
  },
  {
    "id": 5,
    "time": 1587041880519,
    "name": "Duran Clayton",
    "designation": "UI/UX Designer",
    "status": "active",
    "content": "It is a long established fact that a reader will page when looking at its layout. The point of be distracted by the readable",
    "img": "img/users/5.png",
    "cover": "img/users/cover/5.png"
  },
  {
    "id": 6,
    "time": 1587041932783,
    "name": "Duran Clayton",
    "designation": "UI/UX Designer",
    "status": "active",
    "content": "It is a long established fact that a reader will page when looking at its layout. The point of be distracted by the readable",
    "img": "img/users/6.png",
    "cover": "img/users/cover/6.png"
  },
  {
    "id": 7,
    "time": 1587041957926,
    "name": "Duran Clayton",
    "designation": "UI/UX Designer",
    "status": "active",
    "content": "It is a long established fact that a reader will page when looking at its layout. The point of be distracted by the readable",
    "img": "img/users/7.png",
    "cover": "img/users/cover/7.png"
  },
  {
    "id": 8,
    "time": 1587041979566,
    "name": "Duran Clayton",
    "designation": "UI/UX Designer",
    "status": "active",
    "content": "It is a long established fact that a reader will page when looking at its layout. The point of be distracted by the readable",
    "img": "img/users/8.png",
    "cover": "img/users/cover/8.png"
  }
]
